[
  {
    "fieldname": "company",
    "label": "Company",
    "fieldtype": "Link",
    "options": "Company",
    "reqd": 1
  },
  {
    "fieldname": "fiscal_year",
    "label": "Fiscal Year",
    "fieldtype": "Link",
    "options": "Fiscal Year",
    "reqd": 1
  },
  {
    "fieldname": "periodicity",
    "label": "Periodicity",
    "fieldtype": "Select",
    "options": [
      "Monthly",
      "Quarterly",
      "Yearly"
    ],
    "default": "Monthly"
  },
  {
    "fieldname": "usd_rate",
    "label": "Exchange Rate (\u20a6 \u2192 $)",
    "fieldtype": "Float",
    "default": 1000.0
  }
]